id;name;description
1;database compress;../fake-data/blob/hipster.txt
2;Cotton;../fake-data/blob/hipster.txt
3;Alaska protocol;../fake-data/blob/hipster.txt
4;Montana;../fake-data/blob/hipster.txt
5;connect;../fake-data/blob/hipster.txt
6;1080p forecast;../fake-data/blob/hipster.txt
7;Colombian structure Islands;../fake-data/blob/hipster.txt
8;contingency seize;../fake-data/blob/hipster.txt
9;olive invoice Account;../fake-data/blob/hipster.txt
10;Senegal Fresh redundant;../fake-data/blob/hipster.txt
